Phase,Task,Start,End,Assigned To
Project Initiation,Sign Team Contract,2/15/25,2/15/25,All
Project Initiation,Problem Selection & Role Assignment,2/16/25,2/17/25,All
Project Initiation,Define Objectives & Requirements,2/18/25,2/20/25,All
Scrum Planning,Setup Trello Board & GitHub,2/22/25,2/23/25,Ishaan Akbar & Muneeb Choudhry
Scrum Planning,Product Requirements & Backlog,2/24/25,2/27/25,All
Sprint 1,Dataset Collection,3/1/25,3/10/25,Ishaan Akbar
Sprint 1,Data Preprocessing,3/11/25,3/14/25,Ishaan Akbar
Sprint 2,"Train ML Models (NB, LR)",3/15/25,3/20/25,Muneeb Choudhry
Sprint 2,Train DL Model (LSTM),3/21/25,3/27/25,Aman Aman
Sprint 2,Model Evaluation & Visualization,3/28/25,3/30/25,Aman Aman
Finalization,Compile Report & Presentation,3/31/25,4/2/25,All